0.0028524394649786,-0.0419257228347662,-0.0757501001777112,0.0293683852558421,0.0229214496950992,0.0236914009401213,0.0327937520386378,0.0188134744306563,-0.090345574321832,-0.0130724368657712,0.1147390898568983,0.026065309063882,0.0721504355867479,0.0660603390916994,-0.0480865765099904,0.0449219336803133,0.0519029893718319,0.0289258289832594,0.0235248492067805,0.0651265378060263,0.0095768874498485,0.0661051180789213,0.0764089525598296,0.0190623238451379,0.0273722842223385,-0.0578720578741593,0.0106704369387982,-0.016763218630606,0.0012385511357246,0.071456153059342,0.0566289468186051,0.027432373002708,-0.0077514958373201,-0.084244987528815,-0.0182324199733983,0.0746887034299141,-0.037520999346066,0.0119136889886738,0.0631215407150824,0.0359854477461489,-0.0342993983673755,-0.0567363806814503,0.0436034047299409,-0.1046105115082543,-0.0074842405167772,0.0984703591665081,0.0673094308578437,0.0417252379496467,0.0321014026101219,-0.0201716637997372,0.0407030661097391,-0.0159367518904824,0.0029148257356879,-0.0204484862080469,0.0138155281350295,-0.017252057589207,-0.0430926779072479,0.0715570506036921,0.0775444939003482,-0.0607570931629868,-0.0492277372871693,-0.0695981688040312,0.1104031370516576,0.0807249590667107,0.1382459107262617,0.0519785815131699,-0.000145843338238,0.0086624749164398,-0.0327543346874447,0.0030082282332327,-0.0052951659658409,-0.0307801364352123,0.0157623132853624,0.003951082644922,-0.047585023452679,0.014004404068798,0.007733540275467,0.0286711967262022,0.093714706148227,-0.0498275714625551,-0.0125750928853278,0.0143904387975154,-0.0062546317046159,0.0243037417043044,-0.0834467808462085,-0.0382893367743923,-0.0466559085200031,0.0015986605346694,0.0739958164835046,-0.0433982252571163,0.030181903433607,-0.0457673355612419,-0.0451328006449705,-0.0105385648914099,0.0084590299656159,-0.0221918327482652,-0.0043595292752574,0.0392245553832736,-0.0667174516812052,0.0698186139539071,org.joda.time.format.PeriodFormatterBuilder
0.0177369165894722,0.002357423679025,-0.0254216708732213,0.0369760979243296,0.0160657671570858,0.0228896244822373,-0.0274913395056846,0.0107180688211199,0.0254438263249941,0.0483361312633194,0.0622681057686932,-0.0439482061785207,0.0165938607436893,-0.0163981212935389,0.0141748940201309,0.0093249628215453,0.0950825000944282,0.0991409207723155,0.0548655813027788,0.0175485838363941,-0.0281688517675246,-0.0037000476940401,0.1455110614323592,-0.0166171519615113,-0.0146598399997187,-0.0100307201462675,0.0096976224137983,-0.0112896997633863,0.0146431232690122,0.0955053578600692,0.1445349435096291,0.0526789054417566,0.0049221000782104,-0.055069141490123,-0.030407556072482,0.0094746189334722,0.0040491712508224,0.0098706304961926,0.0873744562711478,-0.0103930079993789,-0.0063742271999365,-0.1142040985903073,-0.0506563046373133,-0.0771670430359463,0.036393340371637,0.1043447039612851,0.0084905975799517,0.054461823466141,0.0116333911196233,-0.0291123113158129,0.0458250429387797,0.0261291171003675,-0.0512201712089794,-0.0131514174440452,0.0114652097428492,-0.0369986732857194,-0.0118806066318832,0.0136413013819471,0.1192412722922786,-0.0425889051263323,0.0396024385998099,-0.0274896994881968,0.0980144320075474,0.0081447551377106,0.0466321436238618,0.0746840184488428,0.0716075453716312,0.0017963391171597,-0.0641554152988426,0.0178142983713867,-0.0317804931222805,-0.0072990843575859,0.0176589971278253,0.0336958832404415,-0.1475150227213746,-0.0247697135352548,0.0304500672548006,0.031681802245152,0.0179970250377574,-0.0748897638614839,-0.0648690737296138,-0.0319377568269944,0.0996438489068022,-0.0113727297551309,-0.0165286107500506,0.0451745352238292,-0.0353191968223632,-0.0335025199007588,0.008529932604585,-0.0102743880482253,0.011889967563011,-0.0714945511431743,0.090046632927712,-0.0584773899392611,0.0499720998690315,0.0968228152084409,0.0024117887223844,-0.0461600116341425,0.0175535184658364,0.0804195050747664,org.joda.time.format.PeriodFormatterBuilder
0.0158962927871023,-0.0382889196652621,-0.0348517303811452,-0.0177546257771582,0.0555904290348058,0.013825060172856,0.020824250173646,0.0134523795735961,-0.0598600594399283,0.0571066987773587,0.0593881935087662,-0.0637803940418149,0.0478854911982821,-0.0002168205357784,-0.0489875525848338,0.0331110362786694,0.0952135909365593,0.0764984709907793,0.0418759808433343,0.0227231681128061,-0.0361769017756581,0.0099270193422181,0.1042762346789528,-0.003018148950304,-0.003827898362271,-0.0278927624198126,0.0153169728244508,-0.0015990680890054,0.0156276441577179,0.0578929821344428,0.111333007047882,0.0594359975177062,-0.0025754039037881,-0.0794404812138045,-0.0111682317733951,0.0208428611842325,-0.042440936057004,0.0243946837942594,0.0765267734427241,-0.04070794810794,0.0304560444687058,-0.1113842082879689,0.0073791635820905,-0.0813389399670543,0.0095641077142495,0.1720116621931051,0.0237538852336119,0.0944643007067152,0.0328550807787532,0.0012624357646795,0.039939062746743,0.047745704770238,-0.0335453061150847,-0.0363853283356656,0.0176848572111298,-0.0043416934705159,0.0243987505087091,0.0207093830598327,0.1448500030707079,-0.0104913114838273,-0.021896600639569,-0.042802860819275,0.1342785968721669,0.0158015119099303,0.0884735205030769,0.0832679925714305,0.0546338298058247,-0.0025489090117999,-0.0798714644997723,-0.0169786003049718,-0.0430430233303093,-0.0448121568255431,0.0178964584624719,0.0529532313002125,-0.0887291357732434,0.049719792750186,0.042272939724372,0.0324575081267322,0.0120839501619372,-0.0960680590025863,-0.0231412079862768,-0.0152076217048087,0.0157493860374541,-0.0067704770439374,-0.0655090355561921,-0.0307160185960078,-0.0300597214403514,-0.0227565531471881,0.0044511502955498,-0.0308267500526975,-0.0051422995595161,-0.0717463354453483,0.0441317480450354,-0.0201089702553911,0.0009543434173001,0.0435444028488811,-0.0181605595059781,0.0020051557651933,-0.0220941395888785,0.0758267077076482,org.joda.time.format.PeriodFormatterBuilder
0.0273541753701407,-0.0173061420489559,-0.0688474322701142,-0.0287459769604365,0.0529515806555385,0.036374549823199,-0.0210733179701918,0.0078113030111088,0.0287196610201184,0.0841179890624164,0.0558529984833483,-0.1424279083624352,0.0238310039208789,-0.0494382453453701,-0.0539692779116679,0.0088270013543224,0.0682535845720299,0.0557578370290341,0.0633579317577183,-0.0244192640079652,-0.0145390581302736,-0.0909282283503669,0.135359935710886,0.0038923915453525,0.0454483351243479,0.0080809943368031,0.0369301071286917,0.0145195788790882,0.0043534941825359,0.0700826773764881,0.1045407191445274,0.0492784616632313,-0.0007692634095633,-0.0213861354602638,-0.0263466375500506,0.001698686769799,-0.0215157124517092,0.0801570107646945,0.0593962153602387,-0.0413714971835869,0.0439297828479035,-0.1042450161436867,-0.0108454753573309,-0.0734550700015488,0.0543287500185929,0.0922982062147562,-0.0169000626168315,0.109109125177042,0.0005847698753333,0.0120383140214996,0.0192817432709386,0.036889453322002,-0.0123836028694151,-0.0026924745956611,0.0244758364709027,0.0399753874490883,0.0324134991078981,-0.0066741609852082,0.1253705287605456,-9.198991614900974e-05,0.0260316785373271,-0.0353533440138366,0.0942085745564092,0.0326180316336457,0.0515898586977494,0.0772768591367678,0.0814899302874729,-0.007102753315555,-0.103171075654223,-0.0305206238473381,-0.0352534304178153,-0.0019414750534269,0.0356051282219675,0.1098526572706267,-0.1076073152783965,0.0598894871006717,0.0394064270979271,0.0460320092818967,-0.0207141318757682,-0.0565353394263675,-0.0289931506212854,-0.0349314320458146,0.0191211282922682,0.0072461372941195,-0.0483235127850385,-0.0028404504112235,-0.0191797807708222,-0.0524870064037064,-0.0586989290257661,-0.0475989173026382,0.003403441811362,-0.0712963552549397,0.0922419872213864,-0.0228337686972699,0.0480356216414328,0.0700180232894888,-0.0051785172368117,0.0133442580289064,-0.0379895073108219,0.0644275274306735,org.joda.time.format.PeriodFormatter
0.0238891325818003,-0.0211363219103415,-0.0609651130457921,-0.039783067969587,0.0517887373570698,0.0423501491300312,-0.0114709483100489,0.0068450363831339,0.0299492023115001,0.0743101483611098,0.0469279725723604,-0.1410716985686687,0.0220643716985357,-0.0405492399102679,-0.0564488910481546,0.0124618401168897,0.0666745374387796,0.0600574285526404,0.0541771345214368,-0.0208764632624882,-0.0209665966602788,-0.0899223286925165,0.1502814063092583,0.0095850986493322,0.055147905756271,0.0032972082592993,0.0351429608884612,0.0076167709486883,0.0046463875365793,0.0602735382205548,0.1080752169954013,0.0449296747228382,0.0068689552986159,-0.0228118675218633,-0.0257751080390757,-0.0027914691450055,-0.0286984187482998,0.0863335003599918,0.0579698627860206,-0.0549170120476376,0.0466215458728612,-0.1145183104583063,-0.018751884420872,-0.0781569534432677,0.0514857922146917,0.0950155176236077,-0.0203377282829683,0.117542048285884,-0.0118005875954767,-0.0053170008921985,0.0230080033852052,0.0316301837113708,-0.0157974635729845,-0.0170009830986771,0.0292085057060737,0.0495953944792286,0.0315161140988965,-0.0028313038264379,0.1296271747280878,-0.006520071457696,0.0257208612913908,-0.0319446970129345,0.0969213582822631,0.0325090693808119,0.0530854861934026,0.0873503870589208,0.0757824498444193,-0.0070600219724243,-0.1011657422763678,-0.0248413431238953,-0.0471337937975279,-0.0155079766753852,0.0526198025179501,0.0993155403653389,-0.1084020554128963,0.0635858126325288,0.0371817477098194,0.0443975039804028,-0.0112920863117234,-0.0556966449638442,-0.0356062659262462,-0.0378848539169874,0.0182074444355621,0.0014896861786053,-0.0595752589835971,0.0015822805622355,-0.0158369612844496,-0.0426841028111878,-0.0630352337884323,-0.0519229360509639,0.0007080816516855,-0.0683357023153533,0.086989428416836,-0.030925965960261,0.0386227601525209,0.0643120187866868,-0.0100475495992107,0.0217956816714493,-0.0442553741309781,0.0711342900841248,org.joda.time.format.PeriodFormatter
0.0011361179529681,-0.0207653344293815,0.0038887877090272,-0.0331838276433967,0.0430556241858895,-0.0132727074132121,-0.0163780346850007,-0.0092744289130095,0.01161618659757,0.0668956921779005,0.0258409156875782,-0.0878669817278125,0.067670991518353,-0.0327877904430325,0.0202605558941417,0.0071282664249258,0.0815639905995429,0.1428084884584324,0.0782497079227232,-0.012547887842438,-0.0760977277726623,-0.0229937643919023,0.1124452652702024,0.0080927363961965,-0.0433691207837972,-0.0017428078620373,0.0175949618743328,0.0063554146105566,0.0140035811390252,0.0759277933285065,0.0592341874595187,0.0445161129186891,0.0432113844512784,-0.0488180084409289,0.0284900814621943,-0.0241475955199045,-0.0439522638235501,0.0187531992729753,0.1147268526169702,-0.129992236428585,0.0481077229413558,-0.1216647291250269,-0.042527465533869,-0.0945443404250832,0.0486345655795917,0.1365391150114433,-0.0239728098681889,0.0412965492329174,0.0277046796667756,0.0309456467871942,0.0802606138325339,0.0816377473075489,-0.0590918054388769,-0.0265436189461586,-0.0110284822701667,-0.007914589891375,0.0654909160176911,-0.0019044197347569,0.1358577882847749,-0.0170820844089796,-0.0059878844681695,-0.0491946431135999,0.0859243994657439,0.0074689893282594,0.0923991579021861,0.0550953479805451,0.0657879104173948,0.0163830580179183,-0.0633733668521139,-0.0318097139371151,-0.0494566204990788,-0.008946203601458,0.0073127122408518,0.0933050090176147,-0.1092597805305732,0.084703360849759,0.0696952127320767,0.0275057448314316,0.0592817928180649,-0.0815400515447686,-0.0121169671786555,-0.046476656267371,0.0391917034541016,-0.0186590805196902,-0.0867067081615713,-0.0327445197402512,-0.0682009063126048,-0.0022094011317382,-0.0694615420186116,-0.0419418329631825,-0.0379087799199937,-0.0744004974793492,0.0706806721021798,-0.0581881304818077,-0.0358169884468696,0.1303491450477809,-0.0104870953345232,0.0181743169694916,-0.0209215225809304,0.0322685868478171,org.joda.time.format.PeriodFormatter
-0.0382887821882524,0.001813958929996,0.0264129971439541,0.0093323425362043,0.063073208429625,-0.0487026101729145,-0.0515863984409748,-0.0229561149631482,-0.0227750419522201,0.1563137060495832,0.0021248889885591,-0.0193707848775389,-0.0291212515962963,-0.0853512909569592,0.1109652030127684,0.0011753907513707,0.0363139551085268,0.092474478896573,0.0031597064722971,-0.0136650648620979,-0.0204486733848751,0.0712002877055715,0.1329056682862444,-0.0200268100006947,-0.0464654357399392,0.0344616512246244,0.0523246090425109,0.0266081677385504,0.0232990318414051,0.0424881715439017,0.0544673588793962,0.0264228699978334,-0.0457955503906395,-0.0046660270110677,0.0740957148609773,0.0042658771962061,-0.0357223261385122,-0.015561560632859,0.0496729335215971,-0.1240289832881098,0.0581840147208578,-0.0819589894520086,-0.0778079185296954,0.0204904846557068,0.014933546741807,0.1402807576545708,-0.0376549535199168,0.1252564448155347,0.0548074483951827,0.0698642901697516,-0.0137037319971551,0.0629277982775709,-0.0463840049979987,-0.0191749780695598,-0.0372545215235874,0.0529906642261369,-0.0101010300200023,0.0366701433307702,0.1860987916984466,-0.0092388978942937,-0.0380513279315995,-0.0323489067001911,0.0597485390622212,0.0055819564421171,0.0836182764784965,0.0820368510111236,-0.0286565657480878,-0.067837332091553,-0.0523539830783246,0.032676909141925,-0.0883379331087682,0.0026212114174628,-0.0395428171792219,0.0565409997812574,-0.1407776971569409,0.0060499434370403,0.0078572234394847,0.0499420906107103,-0.0545432334753689,-0.0898689014180462,-0.0444750262380359,-0.1133758873264849,-0.0390819892226945,-0.0229906831861823,-0.0430831435550614,-0.029486274830023,0.0408968928564746,-0.0024575895779187,-0.0554680598000685,-0.0009423880667425,-0.0001665654090356,-0.0520624844165431,0.1459316346667615,-0.1367206562513347,0.0466019553969243,0.0579642780830445,-0.0389047570839363,0.0358263708097588,-0.0503937613224931,0.0269814654847628,org.joda.time.PeriodType
-0.0521745420765427,-0.0103934360137283,0.0250565565874633,0.0210461472793863,0.0632358696518545,-0.0309116865696999,-0.0510443767924966,0.007778521727325,-0.0004279621670927,0.16871041360614,-0.0304443972047079,-0.0179695808472199,-0.016913878189055,-0.0925459208144101,0.0791472047017259,-0.0125237001125133,0.0029999654152808,0.0704760595362082,0.0329321936978788,-0.029403230282141,-0.0557011415456136,0.0420087422429765,0.1024660382000499,-0.0047184365703567,-0.0546231410021843,0.0725973282821407,0.0528192637287052,0.0266502944234533,0.0207884064721896,0.0370337231179896,0.0630707123127125,0.0085410616805715,-0.0370178411490348,3.5069628032534383e-05,0.0656337455081555,-0.0126311949908161,-0.0247505659691303,0.0094869326564962,0.0687094012110337,-0.2149728024032512,0.0321985907116087,-0.1033647293914864,-0.0974838805074679,0.0206012394840794,0.0253642598130172,0.0942414747320685,-0.0813724674348167,0.0763714541395516,0.0342540160739947,0.0455478533018162,0.0140572305811114,0.0589452854260734,-0.0497806923334714,-0.0089428217903787,-0.0422874356763413,0.0325055272474402,0.0006860456252072,0.0161071794285171,0.1872853937269281,-0.0137474839432409,-0.0183729496902687,-0.0005419729238321,0.0057459341908432,-0.0365654926238527,0.0320198187889565,0.0903821712778282,0.0029695549298563,-0.0739051787590578,-0.0317034439301274,0.0155447529691121,-0.1107316082723932,-0.0018265934659726,-0.0424135530919686,0.0821407489313659,-0.1562610638665756,0.0144075215489936,0.0310919320964262,0.0268739350359951,-0.0414553089337952,-0.0689663715644999,-0.049659965475782,-0.099015285511872,0.019249892945982,-0.0723412003296797,-0.0244671722285825,-0.0244133530200804,-0.0013553030177223,-0.0047798890570349,-0.0539349623157401,-0.0101505029189671,-0.0125829052693512,-0.0258030858198429,0.1253844995744357,-0.1484404339195487,0.0569421110310841,0.1071010759551058,-0.0069835913679764,0.0179297576087169,-0.0116514459717792,0.0540279555656461,org.joda.time.PeriodType
0.0054923658381439,-0.0217757686448388,-0.0014623841501172,-0.0319843711335992,0.0790768536221388,0.0154687620941277,0.0388705524169112,-0.0354365055598595,-0.0800542556769829,0.0384131113823778,0.0652906484590557,0.0740181695822648,0.014291386823751,-0.0235753961156,0.088695091888131,0.0314031843603693,0.0465682629216815,0.0310633721932974,-0.0109226374884689,0.0497432308656841,0.0256242436244235,0.0429739060990437,0.0750411046251851,0.0082087312635511,0.019089906037716,0.0204493189529502,0.0186377900996114,0.0655892317514164,-0.0328171631570757,0.0213974010024355,0.0452233480614473,0.0330632499899982,0.0204819262024008,-0.0368741104625948,0.0524694127536239,0.0493884970736924,-0.0420196564050193,-0.0117767935745356,0.1016790238105633,-0.113851767894484,0.0570374076078862,-0.0314629646219921,0.0418414610175291,-0.0052479837134251,0.0482021451131003,0.1223378056304513,-0.0042230038980293,0.1202029951892114,0.0859623177221892,0.0552950296055058,0.0269208114849152,0.0647475349906107,0.0033596545048408,-0.0707166530693888,0.0099836034999681,0.0680454166183601,0.0376809135498595,0.0400276074498068,0.1748296141446958,-0.047639247248847,-0.1498521986602329,-0.0723627628939408,0.0779843807862992,0.0219034370730167,0.1328860189956925,0.0444010046896875,-0.0464689880251165,-0.0159606558313031,-0.0580124268678544,0.0771308025096755,-0.0234708987767263,0.0201290319445465,-0.0115598160866359,0.0259096378853545,0.0257075788648916,-0.0166987604457647,-0.0513856436758534,0.0160487941273969,0.0264416876037357,-0.1066419588569873,-0.0464554595378275,-0.0894057014359191,-0.0650092514555367,-0.0131906118472733,-0.0519681441429856,-0.0356730882100219,-0.062524655151182,0.0316137305399751,0.0169106374118519,-0.0189755525830057,0.034038950098113,-0.0554153392622947,0.1261820925758005,-0.0844982818376925,0.0016486354884888,0.046496539236203,-0.0866487945073354,0.0509246039222873,-0.1108000775521799,0.012397966058953,org.joda.time.PeriodType
-0.0164851812880272,0.0316555567808285,-0.0061596570482323,-0.0783483465515903,-0.0123272658142054,-0.0152961070552969,-0.0420833136509757,-0.0382358091417016,0.0163227189820027,0.0903074151684166,0.0110084514949643,0.01523682834175,-0.0151752517315658,-0.0183912214296523,0.1152979266263328,-0.0234417919846184,-0.0139014371313321,0.0104962457287573,0.0572551270840811,-0.0151142267129806,0.0258170529205939,0.0715364931942857,0.1190925481191442,-0.0202440425385527,0.0359778104420278,-0.0513895579915767,0.0721216704759313,0.0545942980914874,-0.0054006540561464,-0.0035196085625666,0.0255572839650155,0.0589783815581426,-0.0504531775929208,0.0504771437948827,0.0157354695349793,0.0298067462965658,-0.0091684309835191,0.0114112264968997,-0.0258475279946697,0.1020819999251242,-0.0019543739660414,-0.0148718454169585,0.012892346074809,0.1018187643893281,-0.0380740089988142,0.0714428237697099,0.0236225997826318,0.078947365762404,-0.0270123762650652,0.0060737372366074,-0.0843063887156498,-0.0484650294875508,0.0375935263785403,0.0565180598949989,0.0451301607751092,0.0165777332616031,0.0234664454747619,0.0084410723421353,0.0364621282965202,-0.0121161437598482,0.0084648692522289,-0.0480609394733225,0.048472491019673,0.041446211274714,0.0392959574919209,0.0524393192638961,-0.1233888140710428,0.0090683361278571,-0.0354270305333318,0.102357363406326,0.015491029429855,0.0177951536632673,-0.0526572190175811,0.0340162186070781,-0.0492861503324206,-0.1010541283944505,0.0184007307069587,0.0736747828713995,-0.0345629763872897,-0.0502099151103029,-0.1052642896372542,-0.0473718905294152,-0.07318037901008,0.076046259110418,-0.0026100788111659,-0.0086081437927792,0.1499463146267142,0.029744255831092,-0.0205200084298066,-0.0348045092194102,0.0259906055262365,-0.0146376013925573,0.0300643428518291,-0.1117357518322721,-0.0483377916982367,-0.0860514502036872,-0.0836142029539353,0.0738284302682912,-0.0390584002363973,0.0381845539163022,org.joda.time.DateTimeZone
-0.0287044315050664,0.0797178135444274,0.0568827511256976,0.0527685486112337,-0.092176118194231,-0.0205464873320076,-0.0936466964833477,0.0253636467774469,0.0041764170197635,0.0634627249809547,-0.0362678890099035,0.1032942771543779,0.0063606110102598,0.014297083279746,0.0025766248912481,0.1215448206159985,-0.1599506109012924,0.0385257368277841,-0.0476350441622293,0.1099406721343724,0.0081029843644539,0.0222186730405106,0.0345560274059035,-0.03432794780712,-0.031172360819112,0.032224884372349,0.0965985464000892,0.0574446187237127,-0.0720042344565853,-0.0054110353129034,0.0849851262816863,0.0092463605273272,0.0242104331526664,0.080431498905519,0.0404034510009209,0.1092555793329995,-0.0093621527093835,-0.0285668934575236,0.0591140629903473,-0.0642025003526867,-0.0222002079241722,-0.0133850162590135,-0.0016599385517066,0.0172772870612956,0.0275772231068499,0.0417759346510976,0.0044900026253481,-0.0334302365649634,0.0811727433506117,0.0587120167125671,-0.0364599191609794,0.0043268475739085,-0.063973980477042,-0.1136540748193859,0.0322674635574509,0.0087151568249989,0.0053523278219014,-0.0373019326217064,-0.0114269615706115,-0.0189452910621965,-0.0717583278330887,-0.0666585587227637,0.0173267486104829,0.0820792795263206,0.0252264623148096,0.0071837452729023,-0.0841537771986998,-0.0550665282098879,0.0347391215557883,-0.0318812935905433,-0.0262158282320568,-0.0100811429727639,-0.0624113957586011,0.0049017613416237,0.0003537191019653,-0.0077803746850026,-0.021773097506678,-0.0799369958517871,-0.0018881811158375,-0.0156075659867575,-0.0221146458989065,-0.0872342335997875,0.0193825394256108,0.0751899884788371,0.0046873558443934,-0.0464104620365759,-0.0997823535029946,-0.0432155167242754,-0.1339723076424356,0.0895817812432959,-0.0115654780977212,-0.0091664177690233,-0.0210330255189497,-0.0457035243620169,-0.0326713113745851,0.017054309962742,0.0722068941419537,-0.0232833948122434,-0.0488610088355501,-0.0267736454512201,org.joda.time.DateTimeZone
-0.0045828290714098,0.0605966930790572,0.0709738171847448,-0.0002557992161805,-0.0384622748113843,-0.03031477551073,-0.0610797385331384,0.0322261353489608,0.0183571984758899,0.1087797016195903,-0.012655815661818,0.0356896708738904,-0.0128302693710385,-0.1244612981344303,0.106410895666831,-0.0280097655769274,-0.0287852223861068,-0.0488846071748492,-0.0139273806255047,-0.0682369596446712,-0.0190782961717463,0.0776198892973056,0.1707225152050687,-0.0169433217399931,-0.0673459326006915,0.0619221174474896,0.105548505060919,0.0491469394797415,0.0626834962933211,-0.0133326893767547,0.0813625123645725,-0.0109868674227714,0.0100532913932986,0.0249268230694699,0.013360630875298,-0.0155213364634985,0.0763395185908843,0.0211071418862885,0.0991231043279085,0.0206207431442092,-0.0014642966086137,-0.100317913385244,-0.036307682937934,0.0259928426372518,0.0536093656487375,-0.0291119820162515,-0.0155850060654556,-0.0084543713683421,-0.0004367287299128,0.0277154154696114,-0.0394522359261488,0.0093041537359605,-0.0025400694949897,0.0502342664387395,-0.0308189913616644,-0.0088278266172519,-0.0258543203679741,-0.006970028254073,0.074857616579875,0.0175962663525744,0.0842307039886289,-0.0073917197334703,0.0495402450360455,-0.001030775273882,-0.0282464441061334,0.0024283471090892,-0.0397669620392865,0.0068141166443294,-0.0115157325878062,0.0900642259216665,-0.0216354015712081,0.0113395112350172,-0.0756438453464995,-0.0287755108604473,-0.0652568713042257,-0.0446807071295554,-0.0665166790817807,0.0144690338721084,0.0066455122989725,-0.077023279717564,-0.0866657511437688,0.0099378396761296,-0.0534392448970909,0.0278373608161266,0.0825656547535372,0.0257073325066908,0.0824289134838318,0.0622489558934343,-0.0948248803793893,-0.0154139532613567,0.0302898691794206,0.039460379882266,0.1196853283177968,-0.1415347356086438,0.0214785480527285,-0.0325260072224957,-0.0746896888367991,-0.0046033835208537,-0.0687275858863289,0.0352259308681967,org.joda.time.DateTimeZone
0.0274952420744208,0.0459105435002326,0.0470900040221865,-0.0837460396700053,0.0188341514314624,-0.0311734016696433,-0.0957561389918024,-0.0240273638158365,0.0426461708049186,0.1054000183777453,0.036972272135245,-0.0762176341975361,-0.0240498193173594,0.0091595395512401,0.0331227508953791,-0.0322731391607282,0.0257893758417496,0.0637975922640596,0.0402033514094343,-0.0154464955373812,0.0226359611623161,-0.0158494008824027,0.1278377379680319,-0.0550332024392981,0.0033819510704012,-0.0715850082855788,-0.0031213453919462,0.0407085745060574,0.0047630722460828,0.0149639453296061,0.0719669177749647,0.0466607122472771,-0.0471053594493951,0.0279483491863068,-0.0460344446952083,0.0059018131294276,0.0077239413809577,0.0066459905912492,-0.0209052064008687,-0.0750966685886349,0.0502026271556142,-0.082520225699465,-0.0714268317032196,0.0693218219283906,0.0361383566016558,0.0249894967013827,-0.0485247984930093,0.0970186612105593,0.0466652397949452,0.0298288801451826,-0.086067779749493,-0.0441711659194706,-0.0057709414593089,0.0332690373613921,-0.0202389814435731,0.0176382547832632,0.0125356077773254,-0.0540973199006655,0.1076057290399038,0.0119025468442545,0.1651898821717335,-0.0135473881661884,0.0844476158281968,0.0544250293486601,-0.0068561444674975,0.0594494814614537,-0.0445819812761544,0.0112909281400341,-0.0234184647437456,-0.0116134770023106,0.0055549112122559,0.0095785041017306,-0.0905423213670258,0.0400067227619499,-0.0734071337801372,-0.0237744358228398,0.030032454891854,0.0359892996067747,-0.0732760525178005,-0.0288436398505197,-0.0665572004953207,-0.0713875749035404,-0.0034768559092332,0.0024605881188279,0.0170307802320066,-0.0365115923164913,0.0895630530884224,0.0128552768462276,-0.1284083120829628,-0.0220937986141296,0.0015950036624315,-0.0455972860853742,0.1160631753108803,-0.1014459942470789,0.0339980317208313,0.026910298395873,-0.0248089845613224,0.008692473072762,0.0862316780763105,0.0702239654135845,org.joda.time.DateTime
-0.0466022707652059,0.0060214922440152,0.046502013759011,-0.030404934985165,-0.0068807284966595,-0.0573403480431821,-0.133086825195761,0.0073982519890214,0.0125522727083514,0.1644965701688396,-0.0258643376838357,-0.0465199966740122,-0.0057439244192424,-0.0887499349120489,0.0886029136381705,-0.0602441807187052,-0.0164948649542561,0.0230052741069374,-0.0192653621220777,-0.0153332989709249,-0.0647663006754037,0.0231279755859541,0.1283653876386894,-0.0463988623507672,-0.0859263479093207,0.0938789139896566,0.0632038751124288,0.0946896537084804,-0.0213103362986386,0.0989635746887974,0.1096440328044421,-0.0177746540531088,-0.0075634699491301,0.0569419959887958,0.0121377503731641,0.0376541808574857,0.0184234061150759,0.0104442907260931,0.0282230109123305,-0.0471252800032229,0.0379583600281503,-0.0872435135536198,-0.1036310001910284,0.0657557818296975,0.0085176891756434,0.0185279247669892,-0.0482116730513534,0.0632822507359757,0.0022522035263418,0.053856818028434,-0.0807238437281519,0.0812483304013076,-0.0096786238467383,0.0118108465417997,-0.0108779727408615,0.0516470100142265,0.0411054803092945,0.0112159814174229,0.1288296225412592,0.0184105815710979,0.0908366908303424,-0.0149105926531903,0.0901212499867942,-0.0294750168020893,0.057057743833409,0.0389550740418667,0.0070561467685036,-0.0454317925533934,-0.0337948356521048,0.0125076472143279,-0.0455129243961814,0.0414539352428881,-0.0562511553704874,0.0235375522189397,-0.059587571857179,-0.033990515543686,-0.0312958977664411,-0.0054538543131017,-0.0795970665216814,-0.0371939283224504,-0.0778238627120594,-0.0877183945827747,-0.0097691684287536,-0.0090677591980195,0.0606548231479518,0.0116713885343267,0.1380876364342046,0.034975251844634,-0.0400675366755647,-0.0533414087415431,-0.0370494190482836,-0.0315905174569364,0.103696415985551,-0.146887849650334,-0.0345668286794128,-0.0109100653294033,-0.068641366702902,-0.0177915332833482,0.1019245477381303,0.066752518238083,org.joda.time.DateTime
-0.0032789531602763,0.0120539783029749,-0.0346296484385239,0.004761684777014,0.0041322000337351,0.0622843342597886,-0.0865325892774931,-0.032065907051261,0.0897350186999056,0.1240272259784944,-0.035131876590655,-0.0513777648418721,-0.0303209242139975,-0.0363623057437276,0.0745169497823442,-0.0352242299803708,-0.018071263641582,0.0387279985354817,-0.0503771881790036,0.0064683687067827,0.0032444542935002,-0.0078397949399016,0.0680700647087153,-0.0360763554799293,-0.0360840179162419,0.0160824625621126,0.079196908809797,0.009841797638204,-0.001453881476034,0.0121936079080759,0.0778291722188296,-0.0186556820020849,0.0294666335585961,0.0517303307503876,0.0277320569270829,-0.0549543342479936,0.0303051476201791,0.0195726412356308,-0.0054784249212676,0.0474573541345748,0.0303227339459505,-0.0611845590800236,0.03041172937877,0.0443527751861217,-0.0117325687781558,0.0261252177329936,0.0504523651757354,0.0720363798218739,-0.0285846299007642,-0.0281126550021917,-0.0048714934452627,0.0300123738996513,0.0387431276797783,0.0116390177938167,0.0052687660205471,0.0281842384996108,0.0179065885814051,-0.047159469512023,0.0567251534179997,0.0143063251436723,0.0501930451183237,-0.0642552184069338,0.1035128138686303,-0.0712074117382565,-0.0135034154187687,0.0740165331075229,0.0190738856723749,0.0060816076214557,-0.0078558934581662,0.0433763802331185,0.0072050047620468,-0.0121268557710683,-0.0699080847678121,-0.0368051369872234,-0.025685452279844,-0.0965317469415952,0.0097750831550503,0.0235318127007191,-0.0728772586619019,-0.0679338039194014,-0.09308168047077,-0.0088231490418827,-0.0778519218597519,0.0384905437631384,0.0160236453856523,-0.0230526511927929,0.1566191083554705,0.0371617473657086,-0.0384038809027767,0.0044151497223977,-0.0056346279971429,-0.0509851075980003,0.079812817482395,-0.1441187835519485,-0.0626015561176934,-0.0223798839039493,-0.0564031504022574,0.069612162432185,0.0793030582589706,-0.0093035817763483,org.joda.time.DateTime
0.096887930459735,-0.0635422143330386,-0.0013217000299164,-0.0475078517587598,-0.0637576292518409,0.0770281193463792,0.0379570646024801,0.0354440187952804,0.0249034310304391,0.053731180459154,-0.075398703424559,-0.0134537761989716,-0.0001845232255482,-0.0397024864206696,0.0318269513049905,0.0586813703132031,-0.0341489289199452,-0.0164144396191239,-0.007964876618886,-0.0786161407836574,-0.0119185448388135,-0.0710128249570366,-0.0343619820894605,-0.0569886088119186,0.1104090526258271,-0.0435407086771107,0.0701664005306197,0.0174512757321088,0.0461850466639146,0.0309637300024523,0.0510917768522724,0.0328606189421722,0.023605850551552,0.104557208504482,0.0022525003759531,-0.0406505498242296,0.0339707707450548,0.0038602984595435,0.0337855278053621,0.0554893712383861,-0.0284439870796405,-0.1148213729481225,0.0062954052069806,-0.0575390827178535,0.045857922115932,-0.01651981236082,0.0681714554064291,-0.0515815491545853,-0.0390216600198704,-0.0108757394996676,-0.0276118720386449,-0.0166587212203328,0.0522501900345662,-0.0024318543066637,-0.1126196728730328,-0.0955839864273736,-0.0349510203875653,0.0146135079207947,-0.0785109289555827,0.0666229527752466,0.0389085378671641,-0.0649113890985889,0.0633907828364161,0.1314644176319582,-0.0145541763882268,0.0418873893903869,-0.0048370215248596,0.0190806083078063,-0.0060571951305415,0.0310801400767752,0.0130120798836588,-0.076631516870852,-0.0139938417877042,0.0517355631718391,0.031442488524475,-0.0355318295231734,-0.0093250838149974,-0.0078023250944335,0.0259581895110407,0.0320834971579773,-0.0650788731704399,-0.0294255510563438,0.0389590706605806,-0.0430002324322551,0.0026005403699574,-0.0530417449582225,-0.0796717154018839,0.0592932084534231,-0.0502832837852997,0.0961110659446173,0.0819096095090655,-0.0468381443182775,0.1262568092919962,-0.1518498114001189,-0.0600953073938334,0.0466703080453412,-0.0133563636499477,0.0285240665761365,-0.0487175731917247,-0.0364378386141864,java.util.Map
0.0600676074787963,-0.0071454858302147,0.1181983606346997,-0.0105811428342424,-0.0802220055558397,0.1515090578876441,0.0194802104554255,0.0623769773797981,0.046119634604812,0.1018411051048066,-0.0941294418535528,-0.0957620472943577,0.0275799438750997,-0.0075738852685334,0.0855931652051897,0.0607330260700814,0.0129884843962311,-0.0035962214381121,0.0648532998931415,-0.074601018509772,-0.0528369007991816,-0.0637369254072145,0.0288895607754883,-0.0735561945669767,0.0639256786747881,0.064974618029248,0.0530529592517139,0.0229775418632252,0.0204781987578176,0.0660218662586141,0.0639240667580531,-0.0405082516142209,0.0347187121094991,0.0336068606888132,0.0805006662184567,-0.0475062141285095,-0.0234836379714194,-0.0083233470128721,0.0588950359948322,-0.0176390099178708,-0.0399315033614825,-0.112548487540806,-0.0727509562863775,-0.0673230499323927,0.0031542768289671,0.023664132966905,-0.0200844238554705,-0.0372580118049829,-0.0082414487738627,-0.03021754014997,-0.030097740591086,-0.1062314933499251,0.0068267216668024,0.0183904124743369,-0.0367187025723439,-0.0145291977582466,0.0414730906914061,-0.0552195575188105,-0.0137292038591259,-0.0343191854364909,0.1082459266427387,-0.0221282928213228,-0.0379708208294344,-0.0078283187309053,-0.076641383291275,0.0356959924208621,0.005100547375366,0.0299296596081346,-0.0194682223345483,-0.0376835139727432,-0.0193406106611986,-0.0784600482379827,-0.0508493307925414,0.0418303985342933,0.0223593852380259,-0.02717906778193,0.0758515466089868,0.0115362799491479,-0.0136576833629031,-0.080740859143015,-0.0224771163245177,0.003893221533161,-0.0250152560172622,-0.0157308288705334,-0.027533498844865,-0.0572281865309613,-0.1517954958506957,-0.0110779880940548,-0.0896569689810892,0.0924373758150153,0.0004311535136058,-0.0301551244409146,0.0154915221520196,-0.0380784205677891,-0.0290866600570134,0.0783289407153753,-0.0211401693478952,0.0073329062154382,0.0429202676449629,0.0902199696631885,java.util.Map
0.0719613339800937,-0.05221801799691,-0.0915066362178184,-0.0121701161080651,-0.0376468314073587,0.0327938501977463,-0.0098798492910375,0.0146758386353337,-0.0025506285809351,0.0773832608697913,-0.1011928422871836,-0.0333172039445129,0.0651621119413448,0.0306249233240601,0.0551858169542781,0.0137925420272011,-0.0537486209183369,-0.0197824318521523,0.0205097653173072,-0.0541465506196571,-0.0445423921155663,-0.00169877387066,-0.0080164352738526,-0.0065556376052391,0.1063549403634466,-0.0101322933716304,0.0617730065285678,0.041662210942588,-0.0080538351255903,0.0412621087205598,-0.0358312848796804,0.0046292297965176,-0.0136321173481561,0.0959288883588259,-0.0397146936392256,-0.0388020733417837,-0.0424299284823306,0.0192904044463333,-0.0197436120379092,0.0453051900708379,-0.0772775563108106,-0.0278832262420857,0.0366644062151157,-0.0958348664014631,0.0080336888919572,0.0138305049510293,0.034742996960115,0.0125519269583051,-0.1224705070181869,0.0420963843609866,-0.0537152986948495,-0.0727790705611949,0.0026902108055599,0.0337509845722411,-0.0090683495076619,-0.0989226043649443,0.0229751339271175,0.0268162130976986,-0.1022115197169512,-0.0147757458868179,0.052378567203626,0.0103450651481797,0.0684823967600473,0.0558145956093647,-0.0155715808224869,-0.0042795595139543,0.015328075681671,0.0365890872522023,-0.0240445640114222,0.0846006342600962,0.0592845849514682,-0.0937560352133253,-0.0157449729907321,0.0125947803139892,0.0195528629014263,-0.0567361608618527,-0.0209890113722203,-0.0298827847697381,0.0784607444723047,0.0389150893897535,-0.0405600167358961,0.0566436899014023,-0.0200880077770208,-0.0846663049962273,0.0855136182021763,-0.0578734200904597,-0.1117194490409171,0.0936010634242468,-0.0294396669177592,0.0404286743412471,-0.0418660538184148,-0.0637008018449952,0.0253493550734248,-0.117760222905151,-0.0878652431870118,0.0607274065801328,0.0132408302612999,0.1006341171971638,-0.041717597601266,-0.0119244785704461,java.util.Map
0.0024665156223136,-0.0565352538972662,-0.0032367769925313,-0.068786378104445,0.0281053958620791,0.0712311756811077,0.0457002749440759,-0.0572435866662552,-0.0952763856663237,-0.0616273003070413,0.0396034031047695,0.0611535155885941,0.0890610377588805,0.0498444265650282,-0.0216541295225763,0.0490763257833024,-0.0518502468196398,-0.0589600054024847,0.0028186743832632,0.0363106825704752,0.0410626088159886,0.04573567916984,0.0097399287492664,-0.0020243896924642,0.0879791555609969,-0.0620091908812721,0.0239561291194483,0.0203385384613105,-0.0186168515143293,0.0043297314336955,-0.0294129070791533,0.0147488969373769,0.0046028269055875,-0.0458837974281837,0.0573939449849988,0.0414774699256024,-0.0345094489565651,0.0175018625155488,-0.0045143264574226,0.0281651312110594,-0.0231065976715242,-0.0031008559802811,0.1153219662937976,-0.0242419752661718,0.0056173007409367,0.0015884874918612,0.0121855544909307,0.0883238034465345,0.056228397028771,0.0017371703578089,-0.0189920420756709,-0.1100443978485804,0.0760814080336992,-0.0076402787664194,0.0015929090298353,0.0135423576697613,-0.0778036850856151,0.0542209738077921,-0.038513694330145,-0.0118518930003682,-0.0982259485877195,-0.0930136364764358,0.0593102418684514,0.1417677244004301,0.0528914864136707,-0.0200545271932424,-0.0758941358429819,-0.003142301163337,0.0306788469801818,0.0176147621473988,0.046949934250736,-0.0109156460374944,-0.0340238219883764,-0.0279100173654136,0.0642186166017654,0.0412258165112816,-0.0150239199256157,0.0198630109546378,0.065166627522723,-0.014572087241615,0.0008247320463206,0.0204630258341536,-0.1080971140707418,0.0380567496834482,-0.0193330393098172,-0.0719739388241755,0.0240863689637887,0.0526225164165738,0.0673828429489949,-0.0252724506045434,0.0117719750397162,-0.0338572147508539,-0.0577110623023273,-0.0387973381675282,-0.066457140380873,-0.1131485252667289,-0.0695501820418648,0.0526894040938234,-0.1695698139494746,0.0037823289375165,java.util.List
-0.0053046083300768,-0.0649934152608086,-0.0669931851138522,-0.0907501273829046,0.0681081206165322,0.0448935844537592,-0.0119449226894267,-0.0638756009219804,-0.0102854478356367,0.0467230777443662,-0.0318859347402444,-0.0799423138612563,0.0451486018652385,-0.0442857971497526,0.0129188712218402,-0.1006773023017847,-0.1461972458470421,-0.0703426311840036,-0.0621700443200844,-0.0514611670017967,-0.0200449372600526,-0.0809124909917167,0.1051795181417555,-0.0551632015780094,0.0078068891801712,0.0984590248682509,0.0791670325322736,0.1008194596068824,-0.0402100174198565,0.0893683941184401,0.2024902221101293,-0.0901200857984566,0.0989768134077499,0.133856250921468,-0.0027200476505054,-0.1245849332890305,-0.0631688594575719,-0.0002410720954403,0.0798480155624277,-0.0197803310852255,0.0576716688162974,0.0469122648637035,0.028581142350542,0.048046980017252,0.0563721662834731,0.0156989949224916,-0.0209655228302297,0.0163238523840158,-0.0752713149004609,0.0829117205764778,-0.0117756591738543,-0.0646786827642081,0.035869215302665,-0.1354354283068004,-0.0255449171272639,-0.0737947476608897,0.0292066655264375,0.0513090980602033,0.0117598595192622,0.0152115523317059,0.0841427497496984,0.0176091853453543,-0.0313261907630319,-0.0817158333707746,-0.0735096992440314,-0.0608118749769731,0.0256214833971209,-0.0416277068732429,-0.026361773503421,0.0830095833530156,0.0494308524303236,-0.0231831964513576,-0.0570389219528226,0.0720605078686233,-0.0842002889851721,-0.0274269398143138,0.139660742290171,-0.0220875508491686,-0.0419835377199786,-0.1245304371677337,-7.0627773146661466e-06,-0.0391788042425615,0.0277701429039052,-0.07901380066912,-0.0186411391423177,-0.0230695699751216,-0.0197057011953646,0.0127565829188897,-0.0834588998091219,0.038831753064083,0.0449709928600698,-0.029477417655574,0.0044931815676809,-0.0826010213379349,0.0293724421466086,0.0676932972905787,0.0385380940184046,0.000184145798606,0.0302249281869889,0.0510698704277614,java.util.List
0.0328681335265958,-0.0977752481547972,-0.0357378404364208,-0.0408702809324313,0.0554581091996815,0.0266184817449597,0.0265660660601228,-0.0404056384695891,-0.0153838365923875,0.0329813074214863,0.0051653368620445,-0.0934843239126725,0.059935136308968,-0.0532259525356218,-0.0351106539106465,-0.0756036180918791,-0.123894753798628,-0.0409908038094488,-0.0293351084123967,-0.0492820259468565,0.0007274734479204,-0.0984313190305064,0.1235856774836603,-0.0423552596292588,0.0273063224869225,0.0662345987615212,0.0992403658987219,0.0821505556509724,-0.0006606795255922,0.120218551401944,0.1545601488796507,-0.1185455278190338,0.1479750915187671,0.1075563641257063,-0.0025100408157527,-0.0552969372083606,-0.0734085150544747,-0.0377654873373957,0.1027983359105987,-0.0231483696108872,0.0149854964580969,0.0372855649854738,0.0094635722312332,0.0760359118477224,0.0771382071590625,0.0175843016514188,-0.0161141841277716,-0.0108329610780962,-0.0379880065349624,0.0693084190273026,0.0193610131398414,-0.0481568921178184,0.0127016912649336,-0.1024749912714892,-0.0156697236064444,-0.0926925737098958,0.0445324840366511,0.0405828730537365,0.0591918648051819,0.0755543977441022,0.0693556791278142,-0.013350391189014,-0.0043649501839048,-0.1261039969342313,-0.0673132961174745,-0.0839486075709212,0.0649150664411117,-0.0145875172540741,-0.0145479970790974,0.0506983409642616,-0.0189388359133941,-0.0158701565563923,-0.0471099442933475,0.0644314903840224,-0.1168587609954441,-0.0878826497567877,0.1379954294244244,-0.0398678783054491,-0.0543749182673159,-0.1264745040225623,-0.024934514260392,-0.0254836038804668,0.0698002234805157,-0.0638628659496901,-0.0106327677014159,-0.057482018137685,-0.0030943090348248,0.0212216085800135,-0.1159767077843815,0.0580735604771766,-0.0050717320064874,-0.0143964092772205,0.0221520777616017,-0.073219714619299,0.0161138987747955,0.0870867333025057,0.0336201026018182,-0.0334081495339413,0.094463925648413,0.0758930473103864,java.util.List
0.0812320874874907,-0.0119633324881673,0.0922939987523505,-0.0241482290452921,0.1133933709058637,-0.0043953244473214,-0.0409062144368197,-0.0499185333684926,0.0368477447908116,0.1119098420960877,-0.1336213515334883,-0.1146001125618889,-0.0258044037493486,-0.0739255585268631,-0.009952570422884,-0.0629118578776748,-0.0564495089737716,-0.0934934818401172,0.0317341472651104,-0.0299475697789464,-0.0654353855424982,-0.0263349594989549,0.0584925457482705,-0.0220785110227153,0.1443455455079325,-0.0204261553069748,0.0507221637615197,0.0207377261351953,0.0315777079020107,-0.0265528349715922,0.0175506862720032,0.0008515602589542,-0.0325912302735257,0.0513931982604532,-0.0212391945477578,-0.0859303575734306,-0.0400287404362737,0.0202348882931266,0.0405308171747603,-0.0701551509766055,-0.0402789401920274,0.0064252470630168,-0.0106216610810946,0.0166667301733891,-0.0345306634924493,-0.0377507926505844,-0.0563128060149968,0.0805378228610676,-0.0195887698873665,0.0014743349462987,0.0077667074723961,-0.0409843419243378,0.0417957102990863,-0.0281076988243224,0.0255372129483584,-0.0281497497495342,-0.0351095853575448,0.0812775043151694,-0.0330934437404335,0.0116135010558263,0.0828559675180267,0.0461246062607868,-0.0628622433535874,-0.0720198012367266,-0.0482221871933391,-0.0778004463336507,0.0993744390004933,-0.0550712792603464,-0.0306812697848493,0.0382586958413168,0.0254594464889712,0.0795973390825529,-0.0036141237874521,-0.110665612585931,-0.0441296439541035,-0.0416493819903434,0.0225961542438076,-0.0202012431843873,-0.0290859045236368,-0.0823540110104788,-0.0134839458687279,0.0250063986800592,-0.0215305903341998,-0.0013939944625044,-0.0031860606058091,-0.0733898049404686,-0.0456624005881913,-0.0031788300857944,-0.0112060223024214,0.0351821056143988,-0.0991108461210205,-0.109880878243348,0.1088616195603085,-0.0943934176942842,-0.0234409558204497,0.0458858540095568,-0.0191230675636388,-0.0643851132697091,-0.0260988416504198,0.064980415183017,java.util.ArrayList
0.0602126923340925,0.0175668669917424,0.0069041646974748,-0.04811559180395,0.1895573093430282,-0.0149804670567653,-0.0907893221358616,-0.0126342725087264,0.0594777408463426,0.0082788051049167,0.0451703178116775,-0.0301022028062163,0.0919933203426245,-0.0703255809966647,0.0291382424646272,-0.1082844843552793,-0.1296725225514213,-0.142603307070294,-0.117384328606324,-0.1093034063612168,0.0273623638410762,-0.0301607699145177,0.1191085096720972,-0.0007550273624456,0.0068150339130121,0.0444613458715027,-0.0494375182459966,0.0331442540162216,0.0187919400576552,0.0751902458273723,0.033177290888645,-0.0852862170398994,0.0465342497721439,0.0990233046189039,-0.0201488129664134,-0.0207987977733631,0.0004067650657265,0.0216377626004452,0.0480230636556451,-0.0840026317435359,0.0288815508798988,0.0121414294106563,-0.0105767744389154,0.0224916708219253,0.0287826388717679,0.0737873466005538,-0.0596563475059711,0.0831204393428048,-0.0306800504934455,0.0280355574575911,0.0405637544250186,-0.0615897344949544,-0.0512403125543824,-0.0561740387186364,-0.0390646240980008,-0.081752891312253,0.0479919576990093,0.028797280128607,0.0634123533986942,0.0698964384519553,0.0479871321255833,0.0394546689275986,-0.0291906663788867,-0.1633091311556048,-0.0932279581721295,-0.0728625632673061,0.1416237973847503,-0.0374279015468377,0.0426419629555739,0.0548683681198629,-0.0213117936993541,0.0421600678985048,-0.0693258342835871,-0.0630184264084893,-0.1171342693518272,-0.0407369961720285,0.024071983738626,0.0227884028135321,-0.0769822483165459,-0.1278334798941922,-0.0286729649229366,-0.0109308031116408,0.0362779279563932,-0.0349824384615281,0.0566040946674741,-0.119112734998037,0.0019925140057933,0.0697870703320702,-0.0159574032144476,0.0459080307827941,0.0478530101531924,-0.054442596262601,0.0972634596776588,-0.0352569789362333,0.0723010304077354,-0.0283634529515332,0.0276530654273794,-0.07177790618147,0.0243459020089497,0.1071266304829503,java.util.ArrayList
0.0564543267200473,0.0278352241531741,0.0335485794669218,-0.0130490369292641,0.1937132571463413,-0.0071407565776708,-0.049070036638217,-0.0350418994830269,0.008969566107954,0.0308271999346258,0.0100201020332333,-0.0593483380119042,0.0869539817218956,-0.099540479363325,0.0026480111102419,-0.0613922403635632,-0.114334609828668,-0.1662446915549094,-0.0972249555917106,-0.0829877385786661,-0.0466504911851828,-0.0212952558255428,0.1008733959726317,-0.0111911497487461,0.0387689380351328,0.0405386190934912,-0.0063729394962096,0.0261534385025281,0.0114345141348465,0.0515671054691655,0.0349910893516668,-0.0950039894613354,0.0390898373692196,0.1008485880438183,-0.0138923060485065,-0.0361203125572454,-0.0187022707532431,-0.010535741809243,0.0636795380205098,-0.0684871402172042,0.0027447391600664,-0.0067900352775772,-0.0523553105752781,0.0425532620499985,0.0622820946084199,0.0319679986785495,-0.0442486348834635,0.0450088860279291,-0.006836489733892,0.0097704665609952,0.091038503306198,-0.0333277777624796,-0.0508351249455205,-0.0527245090835455,-0.0223403688815808,-0.0486053373798321,0.0845116379952589,0.0286295631520352,0.0441409920030689,0.1084323702471589,0.0370852022517552,0.0635105219424232,-0.0223621399393986,-0.1383540476214842,-0.060955455050754,-0.0738740521458975,0.0975210479920112,-0.03279517124198,0.0634886463669396,0.0733800455063129,-0.0281546347977792,0.0636925920750776,-0.093034741713284,-0.0612688846280014,-0.1407068863893075,-0.0160428369663869,0.0387909930985859,-0.0194782357140075,-0.0898661770155974,-0.112845183306265,-0.0658990736991573,-0.0181769446883123,0.0446204761352906,-0.008437738453951,0.0574091758581439,-0.0976589106246169,-0.003288320531509,0.0321495150523663,-0.034874992876182,0.098258439984426,0.0005484207799154,-0.112552336230177,0.0995249654255606,-0.046225926491104,0.0380175978355488,0.0104986468690229,0.0076253891255755,-0.0715746349731229,0.0527253901797325,0.1102178988577693,java.util.ArrayList
-0.0040899692115132,-0.0547165866101603,-0.0677745221456919,-0.0864382868206551,0.0856670033431738,-0.0413253329220993,0.040951603247496,-0.0344840226902824,-0.0403459507804443,-0.0308185637474999,0.0139173594020743,0.1139360594632989,0.0566938602965581,-0.0234912414262769,-0.0299571262874965,0.0305260736310044,-0.0318761465267364,-0.0380676079429432,0.0400628127065932,0.0136327989391176,0.0428563206226548,0.0741434703763404,-0.0032678954258818,0.0233410784409824,0.0952760743890846,-0.0507312957929217,0.016967272520017,0.0631481564522335,-0.0224454716225283,0.0272341444554505,0.0110958496075921,0.0541634467503729,-0.0467187312866012,-0.0175562895788282,-0.010631242626519,-0.0041024616681644,0.0176100403523674,-0.0239420962364416,-0.0256998084052782,0.1226473233080756,-0.0843253144608879,-0.0775849097858461,0.0478682738942972,0.1207591935201169,-0.0691717181389019,0.0041435612096858,0.0090681676277969,0.0355682532929034,0.0426643758214047,-0.0756544930586179,0.0207695328039509,-0.078149039263907,0.0245435061885735,0.0812271588104802,0.0314425802616449,-0.0104209225788583,0.0350241297445243,-0.0365658129903067,0.0020369621080001,-0.0498800937834634,-0.0260107422900528,0.0118333679027954,-0.0325338893221933,0.0510783849336564,0.0860936642884384,-0.0269678321672729,-0.0695288247718543,-0.0032930865967317,-0.0610213362616586,0.0289774359061379,0.0356442745770337,-0.05708187600766,-0.0413079494209489,-0.0302413679201482,0.0708457338013427,-0.1231175439640863,-0.0222847566030605,0.0049736429417909,0.0870007992999837,-0.0500106531537623,-0.0677727477752924,0.0491641143917679,-0.0517526929783984,0.0316599492990604,0.1053644061257579,-0.0332571793308469,-0.0292808955469864,0.0482572934012807,-0.0073467691205219,-0.073833224380967,0.008868125714538,0.0041228663807575,-0.0524718534653422,0.0196741869388102,-0.0326848840584362,-0.0425010398297619,-0.0752455986193651,0.0774391980740961,-0.0939422699790624,0.0562179328723095,org.apache.commons.collections.MultiMap
0.0105959481722999,-0.0550121257351089,-0.0408876697443808,-0.0529480722472785,-0.0147311688945257,0.0453514042023455,0.0611740588805411,-0.016254455281315,-0.0969502488748869,-0.0531877659596765,0.055060121493067,0.0989001611693943,0.0442434791332402,0.034761120753272,-0.0180968172253652,0.0473742816228761,-0.0830537853371246,-0.0608614921664544,-0.0014405816471039,0.0567613999104192,0.0532848063820217,0.0480582925689331,-0.0143923778548033,0.0290933842405605,0.0457487291815593,-0.0521494586320184,0.0315809390291245,0.0082436298800451,0.000406412682944,-0.0016132200198045,-0.0594575526164452,0.0311452566590713,-0.0157699134421279,-0.0152361664980303,0.0053381518290485,0.0722958682992705,-0.0069445742956867,-0.0361004109282648,-0.0251593639215319,0.0939763163291027,-0.0388319012228574,0.0112656629407987,0.1071969626010542,-0.0141010440735705,-0.0147283322230875,0.0139443543748001,0.0554399854011893,0.0790905062485782,0.0235933312471143,-0.014292618083535,0.0102087788035538,-0.085142289367289,0.1045830718762714,0.0463707151445635,0.0176180556089565,-0.0047467327731941,-0.0496103948432945,0.0671798702434868,0.0039139999723355,-0.0089774228002267,-0.0760981672377818,-0.0676311383818243,0.0164998503150107,0.1244964130946768,0.0850186921849928,-0.0284847446052059,-0.0953524553670761,-0.0142086247690154,-0.0193038725226906,0.0608715333481492,0.0331396368724596,-0.0673196185501246,-0.0387425603229418,-0.0256578055294402,0.0937292905716711,0.008970068696734,0.0056392773656496,0.047716796984357,0.0985576083376306,0.0225734817608885,0.0075700522696232,0.0597938083964606,-0.0852660432483927,0.0524893238476015,-0.0077199207800262,-0.0463536287088465,0.0187243130935795,0.0526626029176903,0.0423878259147168,-0.0630746917700182,0.0479652764006292,0.0080109248623455,-0.0662978467330146,-0.0037724738532654,-0.0308363608066231,-0.1032682522987149,-0.0158634902152234,0.0896190812635474,-0.1534976075498724,-0.0092648987663842,org.apache.commons.collections.MultiMap
0.0150343249039592,-0.0527325006181406,-0.0296583934660901,-0.0688049165433397,-0.0313483046675729,0.0422048076301001,0.0690932905326636,-0.027950672277087,-0.0909529539079408,-0.0815675838788925,0.0154238653682562,0.0596050421992999,0.0223344699702106,-0.0087588714185011,-0.0062562692896804,-0.0045953494075901,-0.0620542082727583,-0.0996696611237624,-0.0300708804025207,0.0229146402741634,0.0568994186863779,0.035640946397176,-0.0141644479645685,0.0587705271438828,0.0215217152551858,-0.0240509605303403,0.0432327296925693,0.0331508468824543,0.0242496808336793,-0.0029019330238116,-0.0238994054123704,0.0515951991783404,0.0030473946872256,0.0028568698335628,-0.0256716119777815,0.038779528937825,0.0127685875279506,-0.0483039634632123,0.010253917895368,0.0690142688732079,-0.0205998770577275,-0.0211937344224421,0.1162850587390246,0.0306811530552643,-0.0176229640268397,0.0209029313153908,0.0383666167711935,0.058088076723535,0.0009462167749953,-0.0276223657247632,0.0016729646570015,-0.0853479036255717,0.0717656606577441,0.0712783794613962,-0.014539714635196,0.00580106813855,-0.0385498694678349,0.027966582698097,0.0110631446349507,-0.0128563802023044,0.007138783908489,-0.0624474760072159,-0.0192932990463767,0.0717440381604044,0.0669396119129565,-0.0404008170801586,-0.0753055079098233,0.0131989727748085,-0.0184189297948067,0.0662887655675483,0.0425896810444167,-0.0820213480882611,-0.0696628592123896,-0.0487488709273947,0.1437098986291938,-0.0114544675777457,-0.0245180516860549,0.042222392537172,0.0734874699319789,0.0656817465126641,-0.0063240895790184,0.0630454064127454,-0.0964262441352947,0.0856510819823251,0.031567958393571,-0.059567262830971,0.0265036969106758,0.0567121176569377,0.0230451371414541,-0.0549909265763866,0.0534231939273619,0.00459943421349,0.012828997849994,-0.0034525622278237,-0.0425399291897244,0.0204042395892284,0.0153427011149457,0.1090165612413292,-0.2054569746988993,-0.001705161876003,org.apache.commons.collections.MultiMap
-0.0040679835518786,0.0217787866164444,0.0251001350870809,-0.0921973000600649,0.0278487116631146,0.0559652764521978,0.0182347952777014,-0.0610102813713658,0.1073018466878336,0.0784399619862669,-0.0416213217862762,-0.0283177537400018,-0.0183318031649041,-0.0066254843389524,0.0210260882844646,-0.0170514729813291,-0.010186057934993,-0.0009532661613155,-0.018837426640558,-0.084285718384795,-0.018441365838013,0.0046197370668394,-0.026939588719899,-0.0781505107340997,0.0127773687148116,0.0740672159055473,0.0329318585895758,0.0040724283660993,-0.0238779305677487,0.0356777783293197,0.0810765610506257,-0.0110057370716777,0.0975682707245787,0.1013268355441699,0.0802067529837864,-0.0586339911889396,0.0033716268411354,0.0648240975498228,0.0276822041319266,-0.0312739979999738,-0.026024653981553,-0.0283351838346832,-0.0195676637732032,-0.0552013094896338,0.0778598169870913,0.0916094797011295,0.0031261104457807,0.0492990195524529,-0.113249784495413,0.0198343968842169,-0.0590660709684019,-0.038453657361619,0.0007841314247246,0.0208293577646548,0.0174208322820873,-0.041786593409912,0.0069205136075163,-0.0106954773836577,0.08340904597262,-0.0091826589608314,0.0236964475545492,-0.0313022705349705,0.0610872364510264,-0.0812439080102936,-0.1695298689327704,0.0255693553515395,0.1007963650608428,0.0531187966898238,0.0402772745021189,0.1261831691289576,0.0382395066950595,0.0191197885230791,0.0131535339920813,0.0516119648982368,-0.0434823045968013,0.0426807917481509,0.1507295086234169,0.0344970814102103,0.0133339435403038,-0.0797690224222932,-0.0491180305534769,0.0899277169260001,0.0351847027258229,0.0133186120451353,0.0229038135749603,0.0206421666593685,0.0111155777936742,-0.0067405832372489,-0.0880500667467814,0.0837717548478838,-0.0609780930603433,-0.1038068241814896,0.1368097734928297,0.0397767144877712,0.010893734470888,0.1184041565012614,-0.0575022085891392,-0.0200539050203241,-0.0571282159218057,0.0787485486018569,java.util.Arrays
0.009232697580079,-0.0026001149167871,0.0628677818197891,-0.0828557150272866,0.0035274685123581,0.0450975055412096,0.0349652323775337,-0.0527690047622869,0.0953137301097293,0.0665931940621048,-0.0459250604658182,-0.0246219038414134,-0.0152154603417484,-0.0034019233791729,0.0166520787232253,-0.0138161212643218,-0.0070420278053082,-0.0011853818532866,0.008194418598967,-0.0687213235483836,-0.0290349000273168,0.0117276080073901,-0.0071377628884839,-0.0672154741077311,0.0171364247754007,0.0622804845350757,0.0315823848972466,0.0038994210175628,-0.0281603342273974,0.0478621968844341,0.1038281386156455,-0.0384817328827883,0.1131401377777373,0.096240091792147,0.0693784868380239,-0.0765432391229504,-0.000489869418278,0.0646197350239986,0.0335885044574906,-0.0418864830093184,-0.053443054630044,-0.0296246415025191,0.0025241871683818,-0.0335681873749453,0.0958147830054338,0.1129167218593857,-0.016495524999584,0.0428010597115403,-0.0986392177666545,0.0313774438485259,-0.0223315401722077,-0.0228170476174892,-0.0045600939103795,0.0220326707533479,-0.0354231503102685,-0.067120669519162,0.0017159036640528,0.0255870983132529,0.089075082342259,-0.0403315282426466,0.0518284279802408,-0.0272110105445872,0.0498578167228231,-0.0759318907292986,-0.1933563386537675,0.0345051169491399,0.0703386536666035,0.0343924403163067,0.0539622818772418,0.1145977607858654,0.0282108671717738,0.0373581359823558,-0.0120738614613337,0.0357874002395334,-0.0717105112774663,0.0480171951216173,0.1298131076206195,0.0253778352457928,-0.0053020252510537,-0.0678978395774629,-0.0313671874749546,0.0818155524699462,0.035614491604516,-0.0351982160470959,0.031625257910242,0.0127565291396552,-0.012850538922002,-0.019977158125748,-0.0856400324186188,0.0303753054769513,-0.0497424948459356,-0.0589533050805501,0.1080399176161231,0.0341090058350824,-0.0147256326761925,0.0910692192367704,-0.0604896791079506,-0.0506832538311042,-0.0502880305797561,0.116207166472616,java.util.Arrays
0.0008481523582069,0.0172201243415114,0.0457852815651302,-0.0982286777633797,0.0107696491188497,0.0478841100919468,0.0408087210649422,-0.0484824082976096,0.1090987398749149,0.0742108165721051,-0.0438495309376793,-0.0339087970128508,-0.0251393217852592,-0.005637842691927,0.0299361403404348,-0.0173026120845056,-0.0129994166687749,-0.008788566724277,-0.0068980646993764,-0.0734725895704345,0.0018376267250764,0.0005864905209297,-0.0178145638975384,-0.0775335937789089,-0.0032765502352143,0.0769662175944472,0.0294634289079699,0.002696979004983,-0.0287754156882966,0.0479122507408925,0.096235076732436,-0.0173218128107033,0.1009757845838628,0.111213664275145,0.0788965120584447,-0.068982563608858,0.0014710347852461,0.0886335249168562,0.0179581698820458,-0.031082708565851,-0.0547595616308031,-0.0219805465241504,-0.0112994529960872,-0.0502962670103012,0.0802239008197672,0.1149183315506691,-0.0030112525501991,0.0564653047413253,-0.1107772840393766,0.0245554092659899,-0.0275022290885686,-0.0316291814703487,-0.0078609920045554,0.0151539982224818,-0.0109128162972138,-0.0550678069569029,0.0127654972559535,0.010135789556463,0.0732076899781373,-0.0100896488786844,0.0498414891192452,-0.0412349986007606,0.0587067510552468,-0.0667363598206272,-0.1679245081443854,0.0160979358389039,0.082481755578946,0.0475985284323975,0.0290442742759085,0.1296050570396091,0.0397871438181957,0.0174066425371588,0.0013711198966473,0.051896179481105,-0.0507010831224343,0.0433674238746944,0.1469844726024444,0.0230636217882462,0.0004578964814042,-0.0684571127704082,-0.0384012819011253,0.0975662604864067,0.0276958053142011,-0.0082058712800875,0.0237061020596443,0.0175563723842034,-0.0074524301255016,-0.0259222936432467,-0.077042698634333,0.0502572530783724,-0.0598351348030461,-0.0832618202188958,0.12208743941639,0.0212684331479616,-0.01699927654632,0.1022387218882819,-0.0772453906955385,-0.0284180228166327,-0.0468429667594435,0.0865941571126872,java.util.Arrays
0.0118162219825079,0.0544913293730305,0.0874637328496136,-0.0143731772669055,0.0124751711620215,0.0092002780192413,-0.0936316734416567,-0.0594958733784722,0.1180706316912203,0.107147135649755,-0.0837301728379325,-0.117146359559216,-0.0311597097772014,-0.1163281956717404,-0.0320191001654038,-0.0655032860514336,0.0180429213560789,-0.024022416489114,-0.0033333816764049,0.0620321884782127,0.0366976446984365,-0.0052935734674695,0.0150982473767731,-0.0733462799022786,-0.0568216942172216,-0.01416787593977,0.0250208883900795,0.007865083495046,0.086655513573233,0.0754299274911892,0.032680958189373,0.0274293009481793,-0.0596519438663533,0.0142877216253298,0.0398841088963542,-0.0039520690551104,0.0361253615843881,-0.0498416266590925,-0.0260963545723811,-0.0661907189804264,0.037284514179953,-0.122976413971369,-0.0485009282025591,0.0412064401410067,0.0198367388491296,-0.023272076092669,0.0186638276504248,-0.0836769917344294,0.0188449321657101,0.0240442487990742,0.0967048888463082,-0.0575598577312109,0.0182171575893684,0.0165879075540011,-0.0417113573371061,-0.0730843933971843,0.0207769398377124,-0.0519579566358734,0.0698435216825197,0.1464613497789518,0.0254502807055917,-0.0065404259656426,-0.0256531174940671,-0.0187187272092019,-0.0427571894765604,-0.0257342407870546,0.0337366422891526,-0.065828134904155,-0.0477103476010142,0.0108456444918646,-0.0290200843500177,-0.0564024441850905,-0.0843948885917249,0.0028974018657561,-0.1023327086836038,0.0966541452736026,0.0023539287548015,-0.0683175206183341,0.0099641303778677,0.0142126956468027,-0.028947588653999,0.0314487503955674,0.0631508589422861,-0.003619804863715,0.0416609830664007,0.0528506931877116,-0.0264080656885974,0.0664739773285277,-0.0599088395656305,0.0308782652165453,-0.0433710081123837,0.0909660331704553,0.0857880573401781,-0.1043872054913429,-0.0235573878629093,0.0580625982926305,-0.016828142365194,0.0244371395786755,-0.0287918491142064,0.0426651722654184,org.json.simple.JSONObject
-0.0049370086994042,0.0527995386425759,0.0507799617245715,0.0010841121686008,0.0142153969919547,-0.0017217531584645,-0.1268893593365634,0.0209869369205281,0.1697664390735872,0.0569055726124138,-0.0594444291244215,-0.0978232746893572,-0.0471709363964938,-0.1172288833728336,0.0144539318691992,-0.1135744014298642,0.0023953831805206,-0.0070623090174126,-0.0168153282536581,0.0884254740340062,0.0446930920265038,0.0062775227782762,0.0182169303683226,-0.0602267251521583,-0.0662693849412356,0.024463142338965,0.0475920183765631,0.0314486484692085,0.0394126374041751,0.0902799329938369,0.0406470171841936,0.0595137526285427,-0.0303199480182171,0.0335779729211399,0.0320813979685785,0.0184860042145411,0.0223440775771824,-0.045156507782082,-0.0038006415704542,-0.0251694058507734,0.0822081665981298,-0.0925044056262684,0.0215252670943216,0.081049957128029,0.0334500608641965,-0.0291236545897459,0.0048808437019366,-0.0705246369127367,0.0322331286497435,0.0075505195965254,0.0707011372947739,-0.0261859851281464,-0.045231332244323,0.0007053644749696,-0.0790176057897444,-0.0734518635615211,-0.0075900706086694,-0.0286690316769153,0.056261730460463,0.1070986534686337,0.0318457765992209,-0.0306051438744443,-0.0415230635224577,-0.0273217568640519,-0.0438989067172363,-0.0174888363082138,0.0430029741017284,-0.0595700241536465,-0.0124714816893764,0.0153254991756296,-0.0145618420481611,-0.0687921867429525,-0.1077134598625064,-0.029339280906652,-0.0585046191188898,0.0712603667197365,0.0189354902003633,-0.0437627659764703,-0.0010445065825502,0.0131448160132025,0.0105268104582424,-0.0070684660503277,-0.0211021433104259,-0.0218462072949933,0.0791238529303546,0.0104327716323288,-0.0536775593051284,0.076740240396604,-0.0262273550097414,0.0643103780497445,0.0088680380093182,0.0707495707938873,0.0498298091499115,-0.1018060946146149,-0.0152325389233279,0.0341522637786755,-0.0329057997094288,0.0599725005075837,-0.0382756301067644,0.0269091512538873,org.json.simple.JSONObject
0.0118162219825079,0.0544913293730305,0.0874637328496136,-0.0143731772669055,0.0124751711620215,0.0092002780192413,-0.0936316734416567,-0.0594958733784722,0.1180706316912203,0.107147135649755,-0.0837301728379325,-0.117146359559216,-0.0311597097772014,-0.1163281956717404,-0.0320191001654038,-0.0655032860514336,0.0180429213560789,-0.024022416489114,-0.0033333816764049,0.0620321884782127,0.0366976446984365,-0.0052935734674695,0.0150982473767731,-0.0733462799022786,-0.0568216942172216,-0.01416787593977,0.0250208883900795,0.007865083495046,0.086655513573233,0.0754299274911892,0.0326809581893729,0.0274293009481793,-0.0596519438663533,0.0142877216253298,0.0398841088963542,-0.0039520690551104,0.0361253615843881,-0.0498416266590925,-0.0260963545723811,-0.0661907189804263,0.037284514179953,-0.122976413971369,-0.0485009282025591,0.0412064401410067,0.0198367388491296,-0.023272076092669,0.0186638276504248,-0.0836769917344294,0.0188449321657101,0.0240442487990742,0.0967048888463082,-0.0575598577312109,0.0182171575893684,0.0165879075540011,-0.0417113573371061,-0.0730843933971843,0.0207769398377124,-0.0519579566358734,0.0698435216825197,0.1464613497789518,0.0254502807055917,-0.0065404259656426,-0.0256531174940671,-0.0187187272092019,-0.0427571894765604,-0.0257342407870546,0.0337366422891526,-0.065828134904155,-0.0477103476010142,0.0108456444918646,-0.0290200843500177,-0.0564024441850905,-0.0843948885917249,0.0028974018657561,-0.1023327086836038,0.0966541452736026,0.0023539287548015,-0.0683175206183341,0.0099641303778677,0.0142126956468027,-0.028947588653999,0.0314487503955674,0.0631508589422861,-0.003619804863715,0.0416609830664007,0.0528506931877116,-0.0264080656885974,0.0664739773285277,-0.0599088395656305,0.0308782652165453,-0.0433710081123837,0.0909660331704553,0.0857880573401781,-0.1043872054913429,-0.0235573878629093,0.0580625982926305,-0.016828142365194,0.0244371395786755,-0.0287918491142064,0.0426651722654184,org.json.simple.JSONObject
0.0212423924699797,0.0422779420398747,0.1268917274233053,-0.0352949951775469,-0.0044654854699808,0.072429623552863,-0.1177072231993988,0.033305514495825,0.113711011934319,0.1609093566865598,-0.1445144635908775,-0.0503467449901089,-0.0125324723432289,-0.1281211123573549,-0.0403399522336223,-0.0822071763058907,-0.0875505631225685,0.0004051111726604,0.0544306745101198,0.0479520556513978,0.0362513160154726,-0.0053616455022965,0.0552266140143307,-0.0550079614171882,-0.0399360435524821,0.0014836947233011,0.0442485980694751,0.0651474741664218,0.0647180402434789,0.0510953021401675,0.0538823404963991,0.0917870284519358,0.0275425705311597,0.0216832018519393,0.0516382180759393,0.0155483840172544,0.0397298845714794,-0.0086653850729239,-0.0350382775734604,-0.0944136411227983,0.0967839113041419,-0.0401390656017041,-0.0411622882543838,0.0966052171943004,0.0391921700627749,-0.0442551945668995,-0.1045248502518489,-0.0097459289963763,0.079745824699173,-0.0194672097051808,0.0387808114066332,-0.0923494677247304,-0.0055676621778756,0.0630000347462759,-0.0630312448208941,-0.0343610810579023,-0.035320953335438,-0.0244088476723166,0.0821278717663891,0.03665624561845,0.0198527257068233,-0.0216867162361765,-0.0340314762689093,-0.0556070412374091,-0.0788643137754656,0.0052989286784124,0.0126959122098201,-0.0618455044933975,-7.483185028875697e-05,-0.043565362294154,-0.0282093641285074,-0.0098204156478901,-0.108298583511741,-0.0672346152951453,-0.060066792019347,0.035471048190089,-0.0106161523289552,-0.0093980581702154,-0.0255814513221269,0.0224485146706362,-0.0124453716820749,0.0007344225280106,-0.0344973863543212,-0.0284210436752861,0.0264359929812347,0.0323566096426958,-0.0577751791794756,0.0164282455270415,-0.0416505351092571,0.0054031408376893,0.0497898857652621,0.0384921260725982,-0.0075385102743326,-0.0520792527320986,-0.0323178966679268,-0.0648717155729657,-0.0352909355239578,0.0855195515479661,-0.0773184323000246,0.0471938600081118,org.json.JSONObject
-0.0025168332594287,0.0403701045960864,0.1152443294106818,-0.0538856937290586,0.0095762130526145,0.0110358053884384,-0.1456495752747758,0.0191593836785346,0.1622100257322787,0.1269468338257853,-0.1296175975662689,-0.0812433269258317,-0.0514761798306332,-0.1175860065741011,0.0253649526518352,-0.0875447841912485,-0.0415868892965441,-0.0184026531134945,0.024150679057353,0.0837666457628517,0.047501474816968,-0.0105597570081971,0.055587244379784,-0.074354247948976,-0.0432480372769375,0.0518709930944111,0.0589984670656781,0.0862186826750471,0.0314480430056258,0.0815309747838118,0.0759729991127787,0.015700993138381,-0.0003327052191743,0.04804463422399,0.0283792090888302,0.0257073464162869,0.0185864287093844,-0.0344319137777238,-0.0039821055323573,-0.1210204569718398,0.0811028853543432,-0.0618944704186728,-0.0245313584323961,0.0633157022021218,0.0084769038572354,-0.0325025191376268,-0.1139502353333337,-0.0312935774611072,0.0291804151915149,0.0053805749151433,0.0694028686194953,-0.0644675878010687,-0.0482666089675751,0.0307480385191435,-0.0856218237297105,-0.0547430980847668,-0.0209353825814947,0.0192008976827097,0.0525128380588498,0.0642249010330713,0.0354302465672273,-0.0321422126860643,-0.0261894134872924,-0.066170716115688,-0.078743809841996,-0.0286572537718515,0.0723569218780231,-0.0308257008923235,-0.0047149207292949,-0.01719073784623,-0.0526023656181522,-0.0309909454649044,-0.0734991941730142,-0.022890848247907,-0.081271085709744,0.066513916993888,0.006519644016495,-0.0635617648496567,-0.0212047093011932,0.0132404551916612,0.0004590099146717,0.0114019785999908,0.0115841498363117,-0.0437553563527209,0.050436260600893,-0.0090627174903713,-0.0267537963434379,0.0992577089363672,-0.0498041353025247,0.0269617353076162,0.0112343318551139,0.0080469734942656,0.0357365809504169,-0.086424237704525,-0.0236815495713708,0.0215273957929425,-0.0214836394281952,0.0423690056438975,-0.0819376233467963,0.0647350948199103,org.json.JSONObject
-0.0116313701293868,0.0546382714511787,0.0919510896419645,0.0147999690202484,0.0204379274145169,0.0136175437607997,-0.1522974863204692,-0.0461633741671138,0.0967484222162804,0.0513881490173597,-0.0642771462063347,-0.1111258764343526,-0.052185858697124,-0.0525522325725277,0.0440167769389292,-0.1240360295831932,0.0114948141343808,-0.0197839127517206,0.0478541789355025,0.0205451627344285,0.0143204423446138,-0.0431166964683414,0.057673973481822,-0.0314140355794048,-0.0285828261452397,0.0138337069168695,0.0553808275544711,0.0047927578164506,0.0461450281057991,0.0750907957094413,0.081806811960326,0.0638634510814887,0.0032313147771098,0.0482099841104535,0.0739788884104011,0.0264721802128714,0.0224960698019403,-0.0429941586613052,0.0242309061038163,-0.0561523145096314,0.0188138935352557,-0.0922348433152402,0.0098794215523402,0.0639447692333124,0.0454724743047494,0.0582307147574152,0.0072906991567129,-0.0136968243877932,-0.0188537549125025,0.0059780834407487,0.0587856523027733,-0.0741298215075855,-0.0194742585718251,0.0223184443107877,-0.0894579488006539,-0.0618412271838525,-0.0206579592262001,-0.1146535931193993,0.0856026591961252,0.020565729070509,0.0915816054970959,-0.0352889667410043,-0.0376479496814798,-0.0015608395549094,-0.0417125703032927,0.034822595082827,0.0215347336153519,-0.010969042897036,0.0480848299527226,0.0403927289151934,-0.0396547925050941,-0.0980938926036572,-0.1482360890841469,0.0177053565368195,-0.0408041355855921,0.0657263823885365,0.0307321831793067,-0.0519660669623685,0.053595584606777,-0.017248746579338,-0.0175864697552487,0.0558487246941852,-0.0399042324825505,-0.0061340112722111,0.0618199579163205,0.0104688105658305,-0.0497137080067759,0.1137946905264204,-0.0439748097275662,0.042904137350618,-0.0114063075860168,-0.0095903702758518,0.0515528646390488,-0.0733219065284225,0.0097120686931171,0.0461518659819072,0.0228922175157157,0.0480557199943105,-0.0699136107759288,0.0487278383481639,org.json.JSONObject
0.0184965503276887,-0.0279439835134379,-0.0010542196454664,-0.0411570957655937,-0.0013496013912174,0.0089231438916626,-0.0753755543602976,0.0847100658049876,0.0526227537427395,0.0685710253252825,-0.101211091537547,-0.0376065790206932,-0.0251118022497318,-0.0649968164548276,0.0432084067711662,-0.0580480440828981,-0.004516158689153,-0.0643299145241932,-0.0526025534714001,-0.0956859852105193,0.0385572601611925,-0.0770249509805303,0.1165856248170164,-0.0500025986622088,0.0227828540702616,0.1100495622493625,-0.0047507613118161,0.0626745307798255,-0.0720088561828098,0.0620369740897584,0.1389381320501053,-0.1246935345797249,0.0302045004771567,-0.003317671420297,0.034318883399442,0.023655217534416,-0.10991471330333,0.0855754470067,0.0800686333113871,-0.0159075828932136,-0.007921403051955,-0.065131500006424,-0.020083180517547,0.0409465257953405,0.0495350108930611,-0.0308602897129259,-0.0514539904151508,-0.0582989703345157,-0.0421393466779283,-0.0070679114041905,0.0375023512552587,-0.0156940765351312,-0.0154976034620354,0.0586248277585431,-0.0030081772870612,-0.0005223195538128,0.0448773640618038,0.0070602700249044,0.0185228063836844,0.047950297508351,0.0965903282520099,-0.0393346587612421,-0.0825153457692879,-0.0127875223719149,-0.0173931908453015,-0.0304371771289483,0.0995689916654991,-0.0523996190058091,0.0699198146089236,0.0716317828510477,-0.0004682097943729,0.0391950628275464,-0.0489855168684121,-0.0108954606640249,-0.0782909337238117,0.0142605852417641,0.0453488229768233,-0.0041803295215324,-0.0207310718712886,-0.1484808123255325,-0.0090122626826585,0.0277059424223642,0.0202585318060015,-0.0767499256627937,-0.0100758881183443,-0.0324808571551859,0.0207171269484759,0.0233208824986618,-0.0829581369468787,0.0127222601053655,0.0338342793171059,-0.0477011334389098,0.0474698341917123,-0.0266570646724004,-0.0238410093907757,0.0693176559234344,-0.0708186319866449,0.0506100467657851,0.0368513379551707,0.0673776199351198,java.lang.Integer
0.018632182786725,-0.0422060026954791,0.0128007324243047,-0.0551773729968012,0.0091552637139427,0.0204980840935498,-0.0944302520081795,0.0762732055285971,0.073228057988445,0.0552038395453995,-0.1029491353958792,-0.0371333879180806,-0.0348607677114439,-0.0753992008383851,0.0286462531758813,-0.0860899116712423,0.0159932690363945,-0.072546928054896,-0.0727821295754341,-0.0720451104124673,0.0575316433908013,-0.0700148248984746,0.1370405511897419,-0.0525322597425774,0.0124313571755816,0.0813449769687616,0.0198896202304441,0.0361867469328711,-0.081635893121551,0.0804259563080165,0.1163971767077348,-0.1618354814184203,0.0204048797756903,-0.0363476906820316,0.0296129091267007,0.0242291110823497,-0.0947439668714577,0.0726862954458291,0.0655783871412338,-0.0380903475860489,-0.0045488300293108,-0.0727455063895855,-0.0603498745407138,0.0346647553674746,0.071755084106193,-0.0533980390468765,-0.0629167326875969,-0.0329873177525309,-0.0359715517776066,0.0025109970833145,0.0455186531098689,-0.0099299413145802,-0.0298169217331201,0.0601319189769624,-0.0344044097436312,0.0215573272531865,0.0360369778132475,0.0068381259111309,0.0261245950609421,0.0447891964080206,0.108380051656705,-0.0011018940068424,-0.0814406669645254,-0.026390595055807,-0.006438989960087,0.0050076126496832,0.1028408868655043,-0.0547518777663093,0.073655459305752,0.1021361456917204,0.0049114556048465,0.044908008852654,-0.0288348749889632,-0.041561074651239,-0.1016098309683388,0.0194480821680935,0.0396553962047841,-0.0155610598588805,-0.0063593783307419,-0.1428485772246911,-0.0155365508362122,0.0146482311739926,0.0002001666851993,-0.0720670463917543,-0.0097253383415731,-0.0214151731498213,0.0526636986659254,0.0418140370918706,-0.0610522558407099,0.0364037735518844,0.0448328030461553,-0.0386089751693187,0.0515350107476407,-0.0455415107386025,0.0062666147297594,0.0758982983342725,-0.0734368278768952,0.0586756428903309,0.0443037721318743,0.0677055105570347,java.lang.Integer
-0.0639655389287652,-0.0111039185900231,0.0681408382633853,-0.0974673991464383,-0.0316709726953107,-0.05100961894083,-0.0136391926343528,-0.106383743969293,-0.0130597042002272,0.1425046885712674,-0.0131112433830883,-0.1291593179501305,0.0387522038765421,-0.0119460375166533,0.0151002528487536,-0.0918394298091358,-0.0542084954136584,-0.0085042334075998,0.0299929238701051,-0.0859059700608222,0.0280456048222878,-0.0999327558785939,0.0712144670837212,-0.0005252273059477,0.0900376219897827,-0.0190915446634552,0.0429727631002825,0.0325221846905128,0.0214676487258701,0.0108781282504562,0.0872028855622501,0.0053757384869652,0.0430603652697931,0.0162220824873828,-0.0270636292472592,-0.0253832925780492,-0.0089638459665611,-0.014843006898349,-0.0300132854991112,-0.0642637916559334,0.0501595219076951,-0.1085799980267179,-0.0458908306657412,-0.0784010178642368,0.0152032385415951,-0.0293119780882594,-0.0511619458603057,-0.0406699574785541,0.0066866296486159,0.0692004575644825,0.0005316762926606,-0.0108471597393714,0.0293472522085447,-0.043251344827404,-0.0910567950673574,-0.1523726994806855,0.0350491316539808,-0.0410113869696316,0.1220117748059066,-0.0072760598671501,0.0872319639380697,0.018286790048955,-0.0164565854570372,0.0541217534439672,-0.0757724467505382,-0.0141361960368824,0.0249103675020713,-0.0835334432871728,0.0341563470941871,0.0241826575892032,0.0400685247027321,0.0750823514894559,-0.0037828883311984,-0.0142979624832258,-0.0855556931985533,0.1168782600349267,0.0633203277693812,-0.0399864630887269,-0.0529446548693125,-0.0842445278941289,-0.0753658480581677,-0.0181487444124683,0.0037926046963972,-0.040811216680575,0.0657031633097897,0.0164089797331908,0.0271614632014582,0.0286511011811795,-0.054139600532906,0.0075841257231426,-0.0273025928754532,0.0058607540693202,0.066649726409764,-0.0767223925397738,-0.0677178845854666,-0.0153787399612964,-0.0976191764641902,-0.1002003409822167,0.0059009097986327,0.1262662385790285,java.lang.Integer
0.0005521602689474,-0.016237920383569,0.0620661100804954,-0.1686538807075713,0.0836068524376294,0.0047754810026194,0.0158209995712084,-0.012289978865465,0.0375613251011797,-0.0117116633882105,-0.0825471282327388,-0.077880062547352,-0.0185257288529467,-0.0483626681855058,-0.0844001501035486,-0.0043723936973648,-0.0912385974886115,-0.0215571186798727,0.010856115985959,0.0015231767071773,0.0182876605478692,-0.155781573024312,0.0586081353233398,-0.0514231803920835,0.0755367735255758,0.0876225871028103,-0.0075209102986518,0.0582132299693497,0.0396465410435087,-0.0123312358105577,-0.0330837073617412,0.0112869290312621,0.0854625690409636,0.0280299835430864,0.0599440669988722,-0.054389782499407,0.0356975004606685,0.0924324821091125,0.0830725766845388,-0.076948304799014,0.0857693627985885,-0.0392695625598774,-0.0377226984826109,-0.0848741686824132,0.0832819117606214,-0.0196123378905147,-0.0976621468938448,0.0881666572940334,-0.066483532046398,-0.0133469358302774,0.0074450580285247,-0.1549940686828286,-0.0111403341433155,0.1119880917521735,-0.0048605704885069,-0.0178205477836005,0.0648204725725559,0.0293652304515119,0.0319487691065795,0.0622860191670452,0.0017437551570024,0.083716101516997,0.0138611667136104,-0.0456003618815031,-0.0696766437917393,-0.0216257616533989,0.1079027593880959,0.055308923473109,0.0097245079733193,0.0914761363573775,-0.0729341497729612,0.0739890687135748,0.1010813435663243,0.0057657565328669,-0.0870134614153328,0.1012634163232943,-0.0314134020001448,0.0107038072873131,-0.0177231566147164,-0.0915821905398967,-0.0510945872513874,0.0138829045999617,0.0048098667218365,-0.0778720917479669,0.0542269591199216,0.0393256279751239,0.0290739431504474,-0.0150592360338067,-0.0417134992411235,0.1364128105799736,0.0309721700227818,0.0080711638118521,-0.0111271585884338,-0.102979514712513,0.0343825545200198,0.0712914377900806,-0.0563679577943255,-0.0093939135039755,0.0327225233912665,0.0735298929422558,java.lang.Math
0.0767625037565791,0.0156195439662211,-0.0564798557933296,-0.1109052041532196,0.0007865654974375,0.023459808456904,-0.0057247654512309,-0.0305443449477088,-0.0581699245916429,0.0419203968486922,-0.0947435581078886,-0.0942141066146876,-0.002441068060531,-0.0967797347968099,-0.0125574395033703,-0.0687272640386559,0.063737743992922,0.0420766836833925,-0.0585362630236397,-0.0013118752547064,0.0243117142762669,-0.0824177015241619,-0.0421545969141469,-0.1130733637600907,0.0511917062834184,0.0027939847888887,-0.0104722157192349,-0.060185025844484,0.0199608935506548,0.0518353956649153,0.0445527984529703,-0.0143370919286984,-0.0029657149423762,0.0809636818327818,0.1069800895880143,-0.1012602917329278,0.039719055314967,0.0233717377971728,-0.0051712358783724,-0.1059687542630687,0.0713016174240445,-0.047620228355501,-0.0727964854206385,0.0580767484713178,0.0098264990285779,-0.0482047121400933,-0.0793678161481402,0.0184967642066147,0.0104744147016176,0.0046444991189954,0.055551967723766,0.0010961134644554,-0.059401541356524,0.0603622734803533,0.0123910808961883,-0.0657112250819963,-0.0117121344662485,0.0543803853116237,0.0412785377849183,0.0136519341075397,0.0518932412428926,-0.0387450087584029,0.0210027798989558,-0.0250146801348537,-0.1078704647085144,0.0150663172352483,0.0839336248307102,-0.08904688026799,0.0057562597968167,0.0405196760906172,-0.0052549712112256,0.1047215399850306,-0.0439348301370315,-0.0327963990030932,-0.117006584959135,0.0351726087526411,0.0117629069490866,-0.0501730130592659,-0.0572221440914267,-0.1367244932508378,-0.0335254069190632,0.0075229015403132,0.0364345868246173,-0.1542630817355524,0.0486265942855473,0.0117720422001428,0.0608646634499282,0.1202588141980111,0.0213943650708845,0.0695292015841965,0.0431909377800578,-0.0941374023464284,0.0744953169550206,-0.000119575412182,-0.0371532228380397,0.0294656752016594,0.0093040044301644,0.0201779113264246,0.00423593180685,0.1467911359432892,java.lang.Math
0.0374595955510235,0.0230814880938271,0.0317046014182785,-0.0932073712096077,0.0490234337100871,-0.02062622542649,-0.0503067574806178,-0.0395055041724773,0.0458760186314445,0.0258766864048343,-0.0175992376448085,-0.0475504302608955,-0.0217291622459667,-0.1180845342530974,-0.004106950595392,0.1027562917753844,-0.0126268807820354,-0.0247748333562952,0.02076475855616,-0.0595533423124204,0.1340729909248915,-0.0179483146628189,-0.0701420939694894,-0.0279858095850415,0.1078761976765573,0.0602206107999339,-0.0072652827119361,0.0173699809120073,0.0545406161917786,-0.0049865212832858,0.068274462159184,-0.0311309268023533,0.0754907479681254,0.0124105407903989,-0.0236901814549779,-0.0681457492504784,-0.0029406159275414,0.0241447858814852,0.065267869887748,-0.129228821696149,0.0509799710920112,-0.0282140602606652,-0.0352646595430458,0.0370663177667088,0.0096538395329437,0.0630494195561436,-0.0954537779416959,0.0065594623386305,0.0387926001236509,-0.0006721939889338,0.1101894926823257,-0.0528476167493026,-0.0400963869866656,-0.0301466088098237,-0.0545813914085849,-0.0189795658415794,-0.0971549295809785,-0.0001981689983235,0.0583794979889495,0.0568693796423388,0.0655131835800721,-0.0025283642458971,0.0848054889931698,-0.0124863138178039,-0.0849170253063753,0.0096079295081185,0.0561033984164597,0.029967368243298,0.000154348459168,0.0002016788802011,-0.1057287533853585,0.0589254983653052,0.0453952538306259,0.0047620237837051,-0.1584056246100987,0.1403144338427527,-0.0585429137056241,-0.0425636384073295,-0.0575649579556063,-0.1071815291864764,0.0392213408497234,0.0034826621682894,-0.0072051042310616,-0.0535015172531037,0.0578438232362717,0.01842013255575,-0.0025309268787852,0.1229214858084369,-0.0893217390760974,0.0047938116263001,-0.0017388505611047,-0.0756329188878306,-0.0854023894820171,-0.0660588397172899,-0.0653364443457814,0.1447905406452014,-0.0105478368433105,-0.0386303071226669,0.022235170868581,0.1703495350456079,java.lang.Math
